{"cameraMode":{"drawMode":0,"name":"Shaded","section":"Shading Mode"},"sceneLighting":true,"audioPlay":false,"sceneViewState":{"m_AlwaysRefresh":false,"showFog":true,"showSkybox":true,"showFlares":true,"showImageEffects":true,"showParticleSystems":true,"showVisualEffectGraphs":true,"m_FxEnabled":true},"in2DMode":false,"pivot":{"x":-4.537829875946045,"y":-3.5660476684570314,"z":3.6693015098571779},"rotation":{"x":0.4384511113166809,"y":0.009436436928808689,"z":-0.004604069981724024,"w":0.8986993432044983},"size":8.752274513244629,"orthographic":false}